Office,CensusPop,raceYear,weird,RaceTypeName,Area,RepVotes,RepCandidate,RepStatus,DemVotes,DemCandidate,DemStatus,ThirdParty,ThirdVotes,ThirdCandidate,ThirdStatus,OtherVotes,PluralityVotes,PluralityParty,ThirdVotesTotalPercent,RepVotesMajorPercent,DemVotesMajorPercent,RaceNotes
Governor,N/A,1975,,General,Kentucky,"277,998","Gable, Robert E.",Challenger,"470,159","Carroll, Julian",Incumbent,N/A,N/A,N/A,N/A,N/A,"192,161",D,0,37.16,62.84,
Governor,N/A,1975,,General,Louisiana,N/A,N/A,N/A,"430,095","Edwards, Edwin W.",Incumbent,N/A,N/A,N/A,N/A,N/A,"430,095",D,0,0,100,Edwards was the only name on the ballot.  See also the 1975 Louisiana Open Primary for Governor in which Edwards won a lanslide victory against Democratic opponents. No Republicans entered either race.
Governor,N/A,1975,,General,Mississippi,"319,632","Carmichael, Gil",Challenger,"369,568","Finch, Cliff",Challenger,N/A,N/A,N/A,N/A,"18,833","49,936",D,0,46.38,53.62,
Governor,N/A,1976,1102,General,Arkansas,"121,716","Griffith, Leon",Challenger,"605,083","Pryor, David H.",Incumbent,N/A,N/A,N/A,N/A,150,"483,367",D,0,16.75,83.25,
Governor,N/A,1976,1102,General,Delaware,"130,531","duPont, Pierre",Challenger,"97,480","Tribbitt, Sherman W.",Incumbent,N/A,N/A,N/A,N/A,"1,552","33,051",R,0,57.25,42.75,
Governor,N/A,1976,1102,General,Illinois,"3,000,395","Thompson, James R.",Challenger,"1,606,989","Howlett, Michael J.",Challenger,N/A,N/A,N/A,N/A,"28,344","1,393,406",R,0,65.12,34.88,
Governor,N/A,1976,1102,General,Indiana,"1,236,555","Bowen, Otis R.",Incumbent,"918,368","Conrad, Larry A.",Challenger,N/A,N/A,N/A,N/A,"11,526","318,187",R,0,57.38,42.62,
Governor,N/A,1976,1102,General,Missouri,"958,110","Bond, Christopher S.",Incumbent,"971,184","Teasdale, Joseph P.",Challenger,N/A,N/A,N/A,N/A,"4,215","13,074",D,0,49.66,50.34,
Governor,N/A,1976,1102,General,Montana,"115,848","Woodahi, Robert",Challenger,"195,420","Judge, Thomas L.",Incumbent,N/A,N/A,N/A,N/A,"5,452","79,572",D,0,37.22,62.78,
Governor,N/A,1976,1102,General,North Carolina,"564,092","Flaherty, David T.",Challenger,"1,081,293","Hunt, James B. Jr.",Challenger,N/A,N/A,N/A,N/A,"18,429","517,201",D,0,34.28,65.72,
Governor,N/A,1976,1102,General,North Dakota,"138,321","Elkin, Richard",Challenger,"153,309","Link, Arthur A.",Incumbent,N/A,N/A,N/A,N/A,"5,619","14,988",D,0,47.43,52.57,
Governor,N/A,1976,1102,General,New Hampshire,"197,589","Thomson, Meldrim",Incumbent,"145,015","Spanos, Harry V.",Challenger,N/A,N/A,N/A,N/A,65,"52,574",R,0,57.67,42.33,
Governor,N/A,1976,1102,General,Rhode Island,"178,254","Taft, James L.",Challenger,"218,561","Garrahy, J. Joseph",Challenger,N/A,N/A,N/A,N/A,"1,868","40,307",D,0,44.92,55.08,
Governor,N/A,1976,1102,General,Utah,"248,027","Romney, Vernon B.",Challenger,"280,706","Matheson, Scott M.",Challenger,N/A,N/A,N/A,N/A,"10,916","32,679",D,0,46.91,53.09,
Governor,N/A,1976,1102,General,Vermont,"99,268","Snelling, Richard A.",Challenger,"75,262","Hackel, Stella B.",Challenger,N/A,N/A,N/A,N/A,"11,317","24,006",R,0,56.88,43.12,
Governor,N/A,1976,1102,General,Washington,"687,039","Spellman, John D.",Challenger,"821,797","Ray, Dixy Lee",Challenger,N/A,N/A,N/A,N/A,"37,544","134,758",D,0,45.53,54.47,
Governor,N/A,1976,1102,General,West Virginia,"253,420","Underwood, Cecil H.",Challenger,"495,661","Rockefeller, John D. IV",Challenger,N/A,N/A,N/A,N/A,189,"242,241",D,0,33.83,66.17,
Governor,N/A,1977,,General,New Jersey,"888,880","Bateman, Raymond H.",Challenger,"1,184,564","Byrne, Brendan T.",Incumbent,N/A,N/A,N/A,N/A,"52,820","295,684",D,0,42.87,57.13,
Governor,N/A,1977,,General,Virginia,"693,756","Dalton, John M.",Challenger,"539,081","Howell, Henry",Challenger,N/A,N/A,N/A,N/A,"10,267","154,675",R,0,56.27,43.73,
Governor,N/A,1978,,General,Alaska,"49,580","Hammond, Jay S.",Incumbent,"25,656","Croft, Chancy",Challenger,N/A,N/A,N/A,N/A,"51,674","23,924",R,0,65.9,34.1,
Governor,N/A,1978,,General,Alabama,"196,963","Hunt, Guy",Challenger,"551,886","James, Forrest H.",Challenger,N/A,N/A,N/A,N/A,"11,625","354,923",D,0,26.3,73.7,
Governor,N/A,1978,,General,Arkansas,"193,746","Lowe, A. Lynn",Challenger,"335,101","Clinton, William Jefferson",Challenger,N/A,N/A,N/A,N/A,65,"141,355",D,0,36.64,63.36,
Governor,N/A,1978,,General,Arizona,"241,093","Mecham, Evan",Challenger,"282,605","Babbitt, Bruce",Incumbent,N/A,N/A,N/A,N/A,"14,858","41,512",D,0,46.04,53.96,
Governor,N/A,1978,,General,California,"2,526,534","Younger, Evelle J.",Challenger,"3,878,812","Brown, Edmund G. Jr.",Incumbent,N/A,N/A,N/A,N/A,"515,927","1,352,278",D,0,39.44,60.56,
Governor,N/A,1978,,General,Colorado,"317,292","Strickland, Ted",Challenger,"483,985","Lamm, Richard D.",Incumbent,N/A,N/A,N/A,N/A,"22,530","166,693",D,0,39.6,60.4,
Governor,N/A,1978,,General,Connecticut,"422,316","Sarasin, Ronald A.",Challenger,"613,109","Grasso, Ella T.",Incumbent,N/A,N/A,N/A,N/A,"1,183","190,793",D,0,40.79,59.21,
Governor,N/A,1978,,General,Florida,"1,123,888","Eckerd, Jack M.",Challenger,"1,406,580","Graham, Robert",Challenger,N/A,N/A,N/A,N/A,N/A,"282,692",D,0,44.41,55.59,
Governor,N/A,1978,,General,Georgia,"128,139","Cook, Rodney M.",Challenger,"534,572","Busbee, George",Incumbent,N/A,N/A,N/A,N/A,151,"406,433",D,0,19.34,80.66,
Governor,N/A,1978,,General,Hawaii,"124,610","Leopold, John",Challenger,"153,394","Ariyoshi, George R.",Incumbent,N/A,N/A,N/A,N/A,"3,583","28,784",D,0,44.82,55.18,
Governor,N/A,1978,,General,Iowa,"491,713","Ray, Robert E.",Incumbent,"345,519","Fitzgerald, Jerome D.",Challenger,N/A,N/A,N/A,N/A,"5,958","146,194",R,0,58.73,41.27,
Governor,N/A,1978,,General,Idaho,"114,149","Larsen, Allan",Challenger,"169,540","Evans, John V.",Incumbent,N/A,N/A,N/A,N/A,"4,877","55,391",D,0,40.24,59.76,
Governor,N/A,1978,,General,Illinois,"1,859,684","Thompson, James R.",Incumbent,"1,263,134","Bakalis, Michael",Challenger,N/A,N/A,N/A,N/A,"27,277","596,550",R,0,59.55,40.45,
Governor,N/A,1978,,General,Kansas,"348,015","Bennett, Robert F.",Incumbent,"363,835","Carlin, John",Challenger,N/A,N/A,N/A,N/A,"24,396","15,820",D,0,48.89,51.11,
Governor,N/A,1978,,General,Massachusetts,"926,072","Hatch, Francis W.",Challenger,"1,030,294","King, Edward J.",Challenger,N/A,N/A,N/A,N/A,"5,885","104,222",D,0,47.34,52.66,
Governor,N/A,1978,,General,Maryland,"293,635","Beall, John Glenn Jr.",Challenger,"718,328","Hughes, Harry",Challenger,N/A,N/A,N/A,N/A,N/A,"424,693",D,0,29.02,70.98,
Governor,N/A,1978,,General,Maine,"126,862","Palmer, Linwood E.",Challenger,"176,493","Brennan, Joseph E.",Challenger,N/A,N/A,N/A,N/A,"66,903","49,631",D,0,41.82,58.18,
Governor,N/A,1978,,General,Michigan,"1,628,485","Milliken, William G.",Incumbent,"1,237,256","Fitzgerald, William",Challenger,N/A,N/A,N/A,N/A,"1,471","391,229",R,0,56.83,43.17,
Governor,N/A,1978,,General,Minnesota,"830,019","Quie, Albert H.",Challenger,"718,244","Perpich, Rudy",Incumbent,N/A,N/A,N/A,N/A,"37,439","111,775",R,0,53.61,46.39,
Governor,N/A,1978,,General,Nebraska,"275,473","Thone, Charles",Challenger,"216,754","Whelan, Gerald T.",Challenger,N/A,N/A,N/A,N/A,196,"58,719",R,0,55.96,44.04,
Governor,N/A,1978,,General,New Hampshire,"122,464","Thomson, Meldrim",Incumbent,"133,133","Gallen, Hugh J.",Challenger,N/A,N/A,N/A,N/A,"13,990","10,669",D,0,47.91,52.09,
Governor,N/A,1978,,General,New Mexico,"170,848","Skeen, Joseph R.",Challenger,"174,545","King, Bruce",Challenger,N/A,N/A,N/A,N/A,98,"3,697",D,0,49.46,50.54,
Governor,N/A,1978,,General,Nevada,"108,097","List, Robert F.",Challenger,"76,361","Rose, Robert E.",Challenger,N/A,N/A,N/A,N/A,"7,987","31,736",R,0,58.6,41.4,
Governor,N/A,1978,,General,New York,"2,156,404","Duryea, Perry B.",Challenger,"2,429,272","Carey, Hugh L.",Incumbent,N/A,N/A,N/A,N/A,"183,144","272,868",D,0,47.02,52.98,
Governor,N/A,1978,,General,Ohio,"1,402,167","Rhodes, James A.",Incumbent,"1,354,631","Celeste, Richard F.",Challenger,N/A,N/A,N/A,N/A,"86,553","47,536",R,0,50.86,49.14,
Governor,N/A,1978,,General,Oklahoma,"367,055","Shotts, Ron",Challenger,"402,240","Nigh, George",Challenger,N/A,N/A,N/A,N/A,"8,119","35,185",D,0,47.71,52.29,
Governor,N/A,1978,,General,Oregon,"498,452","Atiyeh, Victor",Challenger,"409,411","Straub, Robert W.",Incumbent,N/A,N/A,N/A,N/A,"3,280","89,041",R,0,54.9,45.1,
Governor,N/A,1978,,General,Pennsylvania,"1,966,042","Thornburgh, Richard",Challenger,"1,737,888","Flaherty, Peter",Challenger,N/A,N/A,N/A,N/A,"38,039","228,154",R,0,53.08,46.92,
Governor,N/A,1978,,General,Rhode Island,"96,596","Almond, Lincoln C.",Challenger,"197,386","Garrahy, J. Joseph",Incumbent,N/A,N/A,N/A,N/A,"20,381","100,790",D,0,32.86,67.14,
Governor,N/A,1978,,General,South Carolina,"236,946","Young, Edward L.",Challenger,"384,898","Riley, Richard W.",Challenger,N/A,N/A,N/A,N/A,"5,338","147,952",D,0,38.1,61.9,
Governor,N/A,1978,,General,South Dakota,"147,116","Janklow, William J.",Challenger,"112,679","McKellips, Roger",Challenger,N/A,N/A,N/A,N/A,N/A,"34,437",R,0,56.63,43.37,
Governor,N/A,1978,,General,Tennessee,"661,959","Alexander, Lamar",Challenger,"523,495","Butcher, Jake",Challenger,N/A,N/A,N/A,N/A,"4,241","138,464",R,0,55.84,44.16,
Governor,N/A,1978,,General,Texas,"1,183,839","Clements, William P.",Challenger,"1,166,979","Hill, John",Challenger,N/A,N/A,N/A,N/A,"18,946","16,860",R,0,50.36,49.64,
Governor,N/A,1978,,General,Vermont,"78,181","Snelling, Richard A.",Incumbent,"42,482","Granai, Edwin C.",Challenger,N/A,N/A,N/A,N/A,"3,819","35,699",R,0,64.79,35.21,
Governor,N/A,1978,,General,Wisconsin,"816,056","Dreyfus, Lee S.",Challenger,"673,813","Schreiber, Martin J.",Incumbent,N/A,N/A,N/A,N/A,"11,127","142,243",R,0,54.77,45.23,
Governor,N/A,1978,,General,Wyoming,"67,595","Ostlund, John C.",Challenger,"69,972","Herschler, Ed",Incumbent,N/A,N/A,N/A,N/A,N/A,"2,377",D,0,49.14,50.86,
Governor,N/A,1979,,General,Kentucky,"381,278","Nunn, Louie B.",Challenger,"558,088","Brown, J. Y. Jr.",Challenger,N/A,N/A,N/A,N/A,N/A,"176,810",D,0,40.59,59.41,
Governor,N/A,1979,1208,General,Louisiana,"685,749","Treen, David Conner",Challenger,"672,520","Lambert, Louis",Challenger,N/A,N/A,N/A,N/A,N/A,"13,229",R,0,50.49,49.51,
Governor,N/A,1979,,General,Mississippi,"263,702","Carmichael, Gil",Challenger,"413,620","Winter, William F.",Challenger,N/A,N/A,N/A,N/A,N/A,"149,918",D,0,38.93,61.07,
Governor,N/A,1980,1104,General,Arkansas,"435,684","White, Frank D.",Challenger,"403,241","Clinton, William Jefferson",Incumbent,N/A,N/A,N/A,N/A,N/A,"32,443",R,0,51.93,48.07,
Governor,N/A,1980,1104,General,Delaware,"159,004","duPont, Pierre",Incumbent,"64,217","Gordy, William J.",Challenger,N/A,N/A,N/A,N/A,"1,860","94,787",R,0,71.23,28.77,
Governor,N/A,1980,1104,General,Indiana,"1,258,383","Orr, Robert D.",Challenger,"913,116","Hillenbrand, John A.",Challenger,N/A,N/A,N/A,N/A,"7,904","345,267",R,0,57.95,42.05,
Governor,N/A,1980,1104,General,Missouri,"1,098,950","Bond, Christopher S.",Challenger,"981,884","Teasdale, Joseph P.",Incumbent,N/A,N/A,N/A,N/A,"7,194","117,066",R,0,52.81,47.19,
Governor,N/A,1980,1104,General,Montana,"160,896","Ramirez, Jack",Challenger,"199,574","Schwinden, Ted",Challenger,N/A,N/A,N/A,N/A,N/A,"38,678",D,0,44.64,55.36,
Governor,N/A,1980,1104,General,North Carolina,"691,449","Lake, Beverly",Challenger,"1,143,145","Hunt, James B. Jr.",Incumbent,N/A,N/A,N/A,N/A,"12,838","451,696",D,0,37.69,62.31,
Governor,N/A,1980,1104,General,North Dakota,"162,230","Olson, Allen I.",Challenger,"140,391","Link, Arthur A.",Incumbent,N/A,N/A,N/A,N/A,N/A,"21,839",R,0,53.61,46.39,
Governor,N/A,1980,1104,General,New Hampshire,"156,178","Thomson, Meldrim",Challenger,"226,436","Gallen, Hugh J.",Incumbent,N/A,N/A,N/A,N/A,"1,417","70,258",D,0,40.82,59.18,
Governor,N/A,1980,1104,General,Rhode Island,"106,729","Cianci, Vincent A.",Challenger,"299,174","Garrahy, J. Joseph",Incumbent,N/A,N/A,N/A,N/A,13,"192,445",D,0,26.29,73.71,
Governor,N/A,1980,1104,General,Utah,"266,578","Wright, Bob",Challenger,"330,974","Matheson, Scott M.",Incumbent,N/A,N/A,N/A,N/A,"2,467","64,396",D,0,44.61,55.39,
Governor,N/A,1980,1104,General,Vermont,"123,229","Snelling, Richard A.",Incumbent,"77,363","Diamond, M. Jerome",Challenger,N/A,N/A,N/A,N/A,"9,789","45,866",R,0,61.43,38.57,
Governor,N/A,1980,1104,General,Washington,"981,083","Spellman, John D.",Challenger,"749,813","McDermott, James A.",Challenger,N/A,N/A,N/A,N/A,N/A,"231,270",R,0,56.68,43.32,
Governor,N/A,1980,1104,General,West Virginia,"337,240","Moore, Arch A.",Challenger,"401,863","Rockefeller, John D. IV",Incumbent,N/A,N/A,N/A,N/A,"3,047","64,623",D,0,45.63,54.37,
Governor,N/A,1981,,General,New Jersey,"1,145,999","Kean, Thomas H.",Challenger,"1,144,202","Florio, James J.",Challenger,N/A,N/A,N/A,N/A,"27,038","1,797",R,0,50.04,49.96,
Governor,N/A,1981,,General,Virginia,"659,398","Coleman, J. Marshall",Challenger,"760,384","Robb, Charles S.",Challenger,N/A,N/A,N/A,N/A,856,"100,986",D,0,46.44,53.56,
Governor,N/A,1982,1102,General,Alaska,"72,291","Fink, Tom",Challenger,"89,918","Sheffield, Bill",Challenger,N/A,N/A,N/A,N/A,"32,676","17,627",D,0,44.57,55.43,
Governor,N/A,1982,1102,General,Alabama,"440,815","Folmar, Emory",Challenger,"650,538","Wallace, George C.",Challenger,N/A,N/A,N/A,N/A,"37,372","209,723",D,0,40.39,59.61,
Governor,N/A,1982,1102,General,Arkansas,"357,496","White, Frank D.",Challenger,"431,855","Clinton, William Jefferson",Challenger,N/A,N/A,N/A,N/A,N/A,"74,359",D,0,45.29,54.71,
Governor,N/A,1982,1102,General,Arizona,"235,877","Corbet, Leo",Challenger,"453,795","Babbitt, Bruce",Incumbent,N/A,N/A,N/A,N/A,"36,692","217,918",D,0,34.2,65.8,
Governor,N/A,1982,1102,General,California,"3,881,014","Deukmejian, George",Challenger,"3,787,669","Bradley, Tom",Challenger,N/A,N/A,N/A,N/A,"207,652","93,345",R,0,50.61,49.39,
Governor,N/A,1982,1102,General,Colorado,"302,740","Fuhr, John D.",Challenger,"627,960","Lamm, Richard D.",Incumbent,N/A,N/A,N/A,N/A,"25,321","325,220",D,0,32.53,67.47,
Governor,N/A,1982,1102,General,Connecticut,"497,773","Rome, Lewis B.",Challenger,"578,264","O'Neill, William A.",Incumbent,N/A,N/A,N/A,N/A,"7,839","80,491",D,0,46.26,53.74,
Governor,N/A,1982,1102,General,Florida,"949,013","Bafalis, L. A.",Challenger,"1,739,553","Graham, Robert",Incumbent,N/A,N/A,N/A,N/A,N/A,"790,540",D,0,35.3,64.7,
Governor,N/A,1982,1102,General,Georgia,"434,496","Bell, Robert H.",Challenger,"734,092","Harris, Joe Frank",Challenger,N/A,N/A,N/A,N/A,455,"299,596",D,0,37.18,62.82,
Governor,N/A,1982,1102,General,Hawaii,"81,507","Anderson, D. G.",Challenger,"141,043","Ariyoshi, George R.",Incumbent,N/A,N/A,N/A,N/A,"89,303","59,536",D,0,36.62,63.38,
Governor,N/A,1982,1102,General,Iowa,"548,313","Branstad, Terry E.",Challenger,"483,291","Conlin, Roxanne",Challenger,N/A,N/A,N/A,N/A,"6,625","65,022",R,0,53.15,46.85,
Governor,N/A,1982,1102,General,Idaho,"161,157","Batt, Phil",Challenger,"165,365","Evans, John V.",Incumbent,N/A,N/A,N/A,N/A,N/A,"4,208",D,0,49.36,50.64,
Governor,N/A,1982,1102,General,Illinois,"1,816,101","Thompson, James R.",Challenger,"1,811,027","Stevenson, Adlai E. III",Challenger,N/A,N/A,N/A,N/A,"46,553","5,074",R,0,50.07,49.93,
Governor,N/A,1982,1102,General,Kansas,"339,356","Hardage, Sam",Challenger,"405,772","Carlin, John",Incumbent,N/A,N/A,N/A,N/A,"18,135","66,416",D,0,45.54,54.46,
Governor,N/A,1982,1102,General,Massachusetts,"749,679","Searsbrennan, John W.",Challenger,"1,219,109","Dukakis, Michael S.",Challenger,N/A,N/A,N/A,N/A,"81,466","469,430",D,0,38.08,61.92,
Governor,N/A,1982,1102,General,Maryland,"432,826","Pascal, Robert A.",Challenger,"705,910","Hughes, Harry",Incumbent,N/A,N/A,N/A,N/A,413,"273,084",D,0,38.01,61.99,
Governor,N/A,1982,1102,General,Maine,"172,949","Cragin, Charles l.",Challenger,"281,066","Brennan, Joseph E.",Incumbent,N/A,N/A,N/A,N/A,"6,280","108,117",D,0,38.09,61.91,
Governor,N/A,1982,1102,General,Michigan,"1,369,582","Headlee, Richard H.",Challenger,"1,561,291","Blanchard, James J.",Challenger,N/A,N/A,N/A,N/A,"109,135","191,709",D,0,46.73,53.27,
Governor,N/A,1982,1102,General,Minnesota,"715,796","Whitney, Wheelock",Challenger,"1,049,104","Perpich, Rudy",Incumbent,N/A,N/A,N/A,N/A,"24,639","333,308",D,0,40.56,59.44,
Governor,N/A,1982,1102,General,Nebraska,"270,203","Thone, Charles",Incumbent,"277,436","Kerrey, Bob",Challenger,N/A,N/A,N/A,N/A,263,"7,233",D,0,49.34,50.66,
Governor,N/A,1982,1102,General,New Hampshire,"145,389","Sununu, John E.",Challenger,"132,317","Gallen, Hugh J.",Incumbent,N/A,N/A,N/A,N/A,"4,882","13,072",R,0,52.35,47.65,
Governor,N/A,1982,1102,General,New Mexico,"191,626","Irick, John B.",Challenger,"215,840","Anaya, Toney",Challenger,N/A,N/A,N/A,N/A,N/A,"24,214",D,0,47.03,52.97,
Governor,N/A,1982,1102,General,Nevada,"100,104","List, Robert F.",Challenger,"128,132","Bryan, Richard H.",Challenger,N/A,N/A,N/A,N/A,"11,515","28,028",D,0,43.86,56.14,
Governor,N/A,1982,1102,General,New York,"2,494,827","Lehrman, Lew",Challenger,"2,675,213","Cuomo, Mario M.",Challenger,N/A,N/A,N/A,N/A,"84,851","180,386",D,0,48.26,51.74,
Governor,N/A,1982,1102,General,Ohio,"1,303,962","Brown, Clarence J. Jr.",Challenger,"1,981,952","Celeste, Richard F.",Challenger,N/A,N/A,N/A,N/A,"70,877","677,990",D,0,39.68,60.32,
Governor,N/A,1982,1102,General,Oklahoma,"332,207","Daxon, Tom",Challenger,"548,159","Nigh, George",Incumbent,N/A,N/A,N/A,N/A,"2,764","215,952",D,0,37.74,62.26,
Governor,N/A,1982,1102,General,Oregon,"639,841","Atiyeh, Victor",Incumbent,"374,316","Kulongoski, Ted",Challenger,N/A,N/A,N/A,N/A,"27,852","265,525",R,0,63.09,36.91,
Governor,N/A,1982,1102,General,Pennsylvania,"1,872,784","Thornburgh, Richard",Incumbent,"1,772,353","Ertel, Allen E.",Challenger,N/A,N/A,N/A,N/A,"38,848","100,431",R,0,51.38,48.62,
Governor,N/A,1982,1102,General,Rhode Island,"79,602","Marzullo, Vincent",Challenger,"247,208","Garrahy, J. Joseph",Incumbent,N/A,N/A,N/A,N/A,"10,438","167,606",D,0,24.36,75.64,
Governor,N/A,1982,1102,General,South Carolina,"202,806","Workman, W. D. III",Challenger,"468,819","Riley, Richard W.",Incumbent,N/A,N/A,N/A,N/A,N/A,"266,013",D,0,30.2,69.8,
Governor,N/A,1982,1102,General,South Dakota,"197,429","Janklow, William J.",Incumbent,"81,136","O'Connor, Michael J.",Challenger,N/A,N/A,N/A,N/A,N/A,"116,293",R,0,70.87,29.13,
Governor,N/A,1982,1102,General,Tennessee,"737,963","Alexander, Lamar",Incumbent,"500,937","Tyree, Randy",Challenger,N/A,N/A,N/A,N/A,27,"237,026",R,0,59.57,40.43,
Governor,N/A,1982,1102,General,Texas,"1,463,316","Clements, William P.",Incumbent,"1,693,899","White, Mark",Challenger,N/A,N/A,N/A,N/A,"27,284","230,583",D,0,46.35,53.65,
Governor,N/A,1982,1102,General,Vermont,"93,111","Snelling, Richard A.",Incumbent,"74,394","Kunin, Madeline",Challenger,N/A,N/A,N/A,N/A,"1,746","18,717",R,0,55.59,44.41,
Governor,N/A,1982,1102,General,Wisconsin,"662,838","Kohler, Terry J.",Challenger,"896,812","Earl, Anthony S.",Challenger,N/A,N/A,N/A,N/A,"20,694","233,974",D,0,42.5,57.5,
Governor,N/A,1982,1102,General,Wyoming,"62,128","Morton, Warren A.",Challenger,"106,427","Herschler, Ed",Incumbent,N/A,N/A,N/A,N/A,N/A,"44,299",D,0,36.86,63.14,
Governor,N/A,1983,,General,Kentucky,"451,313","Bunning, Jim",Challenger,"556,505","Collins, Martha Layne",Challenger,N/A,N/A,N/A,N/A,"14,286","105,192",D,0,44.78,55.22,
Governor,N/A,1983,1022,Primary Election Final (no General Election held),Louisiana,"584,485","Treen, David Conner",Incumbent,"1,185,274","Edwards, Edwin W.",Challenger,N/A,N/A,N/A,N/A,"20,565","600,789",D,0,33.03,66.97,"In Louisiana, any candidate who receives a majority is elected.  Since Edwards received a majority of the vote, no run-off general election was required."
Governor,N/A,1983,,General,Mississippi,"288,764","Bramlett, Leon",Challenger,"409,209","Allain, William A.",Challenger,N/A,N/A,N/A,N/A,"44,764","120,445",D,0,41.37,58.63,
Governor,N/A,1984,1106,General,Arkansas,"328,378","Freeman, Woody",Challenger,"546,375","Clinton, William Jefferson",Incumbent,N/A,N/A,N/A,N/A,N/A,"217,997",D,0,37.54,62.46,
Governor,N/A,1984,1106,General,Delaware,"135,250","Castle, Michael N.",Challenger,"108,315","Quillen, William T.",Challenger,N/A,N/A,N/A,N/A,N/A,"26,935",R,0,55.53,44.47,
Governor,N/A,1984,1106,General,Indiana,"1,109,843","Orr, Robert D.",Incumbent,"1,002,164","Townsend, W. Wayne",Challenger,N/A,N/A,N/A,N/A,"14,272","107,679",R,0,52.55,47.45,
Governor,N/A,1984,1106,General,Missouri,"1,194,506","Ashcroft, John",Challenger,"913,700","Rothman, Kenneth J.",Challenger,N/A,N/A,N/A,N/A,4,"280,806",R,0,56.66,43.34,
Governor,N/A,1984,1106,General,Montana,"100,070","Goodover, Pat M.",Challenger,"266,578","Schwinden, Ted",Incumbent,N/A,N/A,N/A,N/A,"12,322","166,508",D,0,27.29,72.71,
Governor,N/A,1984,1106,General,North Carolina,"1,208,167","Martin, Jesse",Challenger,"1,011,209","Edmisten, Rufus",Challenger,N/A,N/A,N/A,N/A,"7,351","196,958",R,0,54.44,45.56,
Governor,N/A,1984,1106,General,North Dakota,"140,460","Olson, Allen I.",Challenger,"173,922","Sinner, George",Challenger,N/A,N/A,N/A,N/A,N/A,"33,462",D,0,44.68,55.32,
Governor,N/A,1984,1106,General,New Hampshire,"256,574","Sununu, John E.",Incumbent,"127,156","Spirou, Chris",Challenger,N/A,N/A,N/A,N/A,180,"129,418",R,0,66.86,33.14,
Governor,N/A,1984,1106,General,Rhode Island,"245,059","DiPrete, Edward",Challenger,"163,311","Solomon, Anthony J.",Challenger,N/A,N/A,N/A,N/A,5,"81,748",R,0,60.01,39.99,
Governor,N/A,1984,1106,General,Utah,"351,792","Bangerter, Norman H.",Challenger,"275,669","Owens, Wayne",Challenger,N/A,N/A,N/A,N/A,"2,158","76,123",R,0,56.07,43.93,
Governor,N/A,1984,1106,General,Vermont,"113,264","Easton, John J.",Challenger,"116,938","Kunin, Madeline",Challenger,N/A,N/A,N/A,N/A,"3,551","3,674",D,0,49.2,50.8,
Governor,N/A,1984,1106,General,Washington,"881,994","Spellman, John D.",Challenger,"1,006,993","Gardner, Booth",Challenger,N/A,N/A,N/A,N/A,N/A,"124,999",D,0,46.69,53.31,
Governor,N/A,1984,1106,General,West Virginia,"394,937","Moore, Arch A.",Challenger,"346,565","See, Clyde M",Challenger,N/A,N/A,N/A,N/A,N/A,"48,372",R,0,53.26,46.74,
Governor,N/A,1985,,General,New Jersey,"1,372,631","Kean, Thomas H.",Incumbent,"578,402","Shapiro, Peter",Challenger,N/A,N/A,N/A,N/A,"21,591","794,229",R,0,70.35,29.65,
Governor,N/A,1985,,General,Virginia,"404,715","Durrette, Wyatt B.",Challenger,"455,604","Baliles, Gerald L.",Challenger,N/A,N/A,N/A,N/A,93,"50,889",D,0,47.04,52.96,
Governor,N/A,1986,1104,General,Alaska,"76,515","Sturgulewski, Arliss",Challenger,"84,943","Cowper, Steve",Challenger,N/A,N/A,N/A,N/A,"18,097","8,428",D,0,47.39,52.61,
Governor,N/A,1986,1104,General,Alabama,"696,203","Hunt, Guy",Challenger,"537,163","Baxley, Bill",Challenger,N/A,N/A,N/A,N/A,"2,864","159,040",R,0,56.45,43.55,
Governor,N/A,1986,1104,General,Arkansas,"245,420","White, Frank D.",Challenger,"434,202","Clinton, William Jefferson",Incumbent,N/A,N/A,N/A,N/A,242,"188,782",D,0,36.11,63.89,
Governor,N/A,1986,1104,General,Arizona,"343,913","Mecham, Evan",Challenger,"298,986","Warner, Carolyn",Challenger,Independent,"224,085",Schulz,Challenger,N/A,"44,927",R,25.85,53.49,46.51,
Governor,N/A,1986,1104,General,California,"4,506,601","Deukmejian, George",Incumbent,"2,781,714","Bradley, Tom",Challenger,N/A,N/A,N/A,N/A,"155,170","1,724,887",R,0,61.83,38.17,
Governor,N/A,1986,1104,General,Colorado,"434,420","Strickland, Ted",Challenger,"616,325","Romer, Roy",Challenger,N/A,N/A,N/A,N/A,"8,183","181,905",D,0,41.34,58.66,
Governor,N/A,1986,1104,General,Connecticut,"408,489","Belaga, Julie D.",Challenger,"575,638","O'Neill, William A.",Incumbent,N/A,N/A,N/A,N/A,"9,565","167,149",D,0,41.51,58.49,
Governor,N/A,1986,1104,General,Florida,"1,847,525","Martinez, Bob",Challenger,"1,538,620","Pajcic, Steve",Challenger,N/A,N/A,N/A,N/A,26,"308,905",R,0,54.56,45.44,
Governor,N/A,1986,1104,General,Georgia,"346,512","Davis, Guy",Challenger,"828,465","Harris, Joe Frank",Incumbent,N/A,N/A,N/A,N/A,137,"481,953",D,0,29.49,70.51,
Governor,N/A,1986,1104,General,Hawaii,"160,460","Anderson, D. G.",Challenger,"173,655","Waihee, John",Challenger,N/A,N/A,N/A,N/A,N/A,"13,195",D,0,48.03,51.97,
Governor,N/A,1986,1104,General,Iowa,"472,712","Branstad, Terry E.",Incumbent,"436,987","Junkins, Lowell L.",Challenger,N/A,N/A,N/A,N/A,924,"35,725",R,0,51.96,48.04,
Governor,N/A,1986,1104,General,Idaho,"189,794","Leroy, David H.",Challenger,"193,429","Andrus, Cecil D.",Challenger,N/A,N/A,N/A,N/A,"4,203","3,635",D,0,49.53,50.47,
Governor,N/A,1986,1104,General,Illinois,"1,655,849","Thompson, James R.",Incumbent,"208,830","Fairchild, Mark",Challenger,Illinois Solidarity,"1,256,626","Stevenson, Adlai E. III",Challenger,"22,673","399,223",R,39.97,88.8,11.2,"There was no Democratic candidate for Governor on the ballot, Mark Fairchild being the ""paired"" Democrat for Lt. Governor.  The Democratic vote was cast for the ticket of ""no name"" and Fairchild."
Governor,N/A,1986,1104,General,Kansas,"436,267","Hayden, Mike",Challenger,"404,338","Docking, Thomas R.",Challenger,N/A,N/A,N/A,N/A,N/A,"31,929",R,0,51.9,48.1,
Governor,N/A,1986,1104,General,Massachusetts,"525,364","Kariotis, George",Challenger,"1,157,786","Dukakis, Michael S.",Incumbent,N/A,N/A,N/A,N/A,929,"632,422",D,0,31.21,68.79,
Governor,N/A,1986,1104,General,Maryland,"194,185","Mooney, Thomas J.",Challenger,"907,291","Schaefer, William D.",Challenger,N/A,N/A,N/A,N/A,N/A,"713,106",D,0,17.63,82.37,
Governor,N/A,1986,1104,General,Maine,"170,312","McKernan, John R.",Challenger,"128,744","Tierney, James J.",Challenger,N/A,N/A,N/A,N/A,"127,805","41,568",R,0,56.95,43.05,
Governor,N/A,1986,1104,General,Michigan,"753,647","Lucas, William",Challenger,"1,632,138","Blanchard, James J.",Incumbent,N/A,N/A,N/A,N/A,"10,779","878,491",D,0,31.59,68.41,
Governor,N/A,1986,1104,General,Minnesota,"606,755","Ludeman, Cal R.",Challenger,"790,138","Perpich, Rudy",Incumbent,N/A,N/A,N/A,N/A,"19,096","183,383",D,0,43.44,56.56,
Governor,N/A,1986,1104,General,Nebraska,"298,325","Orr, Kay",Challenger,"265,156","Boosalis, Helen",Challenger,N/A,N/A,N/A,N/A,941,"33,169",R,0,52.94,47.06,
Governor,N/A,1986,1104,General,New Hampshire,"134,824","Sununu, John E.",Incumbent,"116,142","McEachern, Paul",Challenger,N/A,N/A,N/A,N/A,141,"18,682",R,0,53.72,46.28,
Governor,N/A,1986,1104,General,New Mexico,"209,455","Carruthers, Garrey E.",Challenger,"185,378","Powell, Ray B.",Challenger,N/A,N/A,N/A,N/A,N/A,"24,077",R,0,53.05,46.95,
Governor,N/A,1986,1104,General,Nevada,"65,081","Cafferata, Patty",Challenger,"187,268","Bryan, Richard H.",Incumbent,N/A,N/A,N/A,N/A,"8,026","122,187",D,0,25.79,74.21,
Governor,N/A,1986,1104,General,New York,"1,363,810","O'Rourke, Andrew P.",Challenger,"2,775,229","Cuomo, Mario M.",Incumbent,N/A,N/A,N/A,N/A,"155,085","1,411,419",D,0,32.95,67.05,
Governor,N/A,1986,1104,General,Ohio,"1,207,264","Rhodes, James A.",Challenger,"1,858,372","Celeste, Richard F.",Incumbent,N/A,N/A,N/A,N/A,975,"651,108",D,0,39.38,60.62,
Governor,N/A,1986,1104,General,Oklahoma,"430,998","Bellmon, Henry Louis",Challenger,"403,947","Walters, David",Challenger,N/A,N/A,N/A,N/A,"72,790","27,051",R,0,51.62,48.38,
Governor,N/A,1986,1104,General,Oregon,"506,986","Paulus, Norma",Challenger,"549,456","Goldschmidt, Neil",Challenger,N/A,N/A,N/A,N/A,"3,188","42,470",D,0,47.99,52.01,
Governor,N/A,1986,1104,General,Pennsylvania,"1,638,268","Scranton, William W.",Challenger,"1,733,004","Casey, Robert",Challenger,N/A,N/A,N/A,N/A,"32,523","94,736",D,0,48.59,51.41,
Governor,N/A,1986,1104,General,Rhode Island,"208,822","DiPrete, Edward",Incumbent,"104,508","Sundlun, Bruce G.",Challenger,N/A,N/A,N/A,N/A,"9,394","104,314",R,0,66.65,33.35,
Governor,N/A,1986,1104,General,South Carolina,"384,565","Campbell, Carroll",Challenger,"361,325","Daniel, Mike",Challenger,N/A,N/A,N/A,N/A,"7,861","23,240",R,0,51.56,48.44,
Governor,N/A,1986,1104,General,South Dakota,"152,543","Mickelson, George S.",Challenger,"141,898","Herseth, R. Lars",Challenger,N/A,N/A,N/A,N/A,N/A,"10,645",R,0,51.81,48.19,
Governor,N/A,1986,1104,General,Tennessee,"553,449","Dunn, Winfield",Challenger,"656,602","McWherter, Ned",Challenger,N/A,N/A,N/A,N/A,288,"103,153",D,0,45.74,54.26,
Governor,N/A,1986,1104,General,Texas,"1,813,779","Clements, William P.",Incumbent,"1,584,515","White, Mark",Incumbent,N/A,N/A,N/A,N/A,"43,166","229,264",R,0,53.37,46.63,
Governor,N/A,1986,1104,General,Vermont,"75,162","Smith, Peter",Challenger,"92,379","Kunin, Madeline",Incumbent,N/A,N/A,N/A,N/A,N/A,"17,217",D,0,44.86,55.14,"In the absence of a majority for any candidate, the State Legislature elected Madeleine M. Kunin to a  two-year term."
Governor,N/A,1986,1104,General,Wisconsin,"805,090","Thompson, Tommy G.",Challenger,"705,578","Earl, Anthony S.",Incumbent,N/A,N/A,N/A,N/A,"16,292","99,512",R,0,53.29,46.71,
Governor,N/A,1986,1104,General,Wyoming,"69,972","Simpson, Peter",Challenger,"82,991","Sullivan, Mike",Challenger,N/A,N/A,N/A,N/A,N/A,"13,019",D,0,45.74,54.26,
Governor,N/A,1987,,General,Kentucky,"273,541","Harper, John",Challenger,"504,674","Wilkinson, Wallace G.",Challenger,N/A,N/A,N/A,N/A,N/A,"231,133",D,0,35.15,64.85,
Governor,N/A,1987,1024,Primary Election Final (no General Election held),Louisiana,"287,780","Livingston, Bob",Challenger,"516,078","Roemer, Charles",Challenger,Democrat,"437,801","Edwards, Edwin W.",Incumbent,"317,071","78,277",D,28.09,35.8,64.2,"Incumbent Governor Edwin W. Edwards withdrew after running second in the primary and no run-off general election was required.; The other vote was: Tauzin, W. J. (Democrat) 154,079"
Governor,N/A,1987,,General,Mississippi,"336,006","Reed, John F.",Challenger,"385,689","Mabus, Ray",Challenger,N/A,N/A,N/A,N/A,N/A,"49,683",D,0,46.56,53.44,
Governor,N/A,1988,1108,General,Delaware,"169,733","Castle, Michael N.",Incumbent,"70,236","Kreshtoll, Jacob",Challenger,N/A,N/A,N/A,N/A,N/A,"99,497",R,0,70.73,29.27,
Governor,N/A,1988,1108,General,Indiana,"1,002,207","Mutz, John M.",Challenger,"1,138,574","Bayh, Evan",Challenger,N/A,N/A,N/A,N/A,N/A,"136,367",D,0,46.82,53.18,
Governor,N/A,1988,1108,General,Missouri,"1,339,531","Ashcroft, John",Incumbent,"724,919","Hearnes, Betty C",Challenger,N/A,N/A,N/A,N/A,"21,478","614,612",R,0,64.89,35.11,
Governor,N/A,1988,1108,General,Montana,"190,604","Stephens, Stan",Challenger,"169,313","Judge, Thomas L.",Incumbent,N/A,N/A,N/A,N/A,"7,104","21,291",R,0,52.96,47.04,
Governor,N/A,1988,1108,General,North Carolina,"1,222,338","Martin, James G.",Incumbent,"957,867","Jordan, Robert B.",Challenger,N/A,N/A,N/A,N/A,N/A,"264,471",R,0,56.07,43.93,
Governor,N/A,1988,1108,General,North Dakota,"119,986","Mallberg, Leon L.",Challenger,"179,094","Sinner, George",Incumbent,N/A,N/A,N/A,N/A,N/A,"59,108",D,0,40.12,59.88,
Governor,N/A,1988,1108,General,New Hampshire,"267,064","Gregg, Judd",Challenger,"172,543","McEachern, Paul",Incumbent,N/A,N/A,N/A,N/A,"2,316","94,521",R,0,60.75,39.25,
Governor,N/A,1988,1108,General,Rhode Island,"203,550","DiPrete, Edward",Incumbent,"196,936","Sundlun, Bruce G.",Challenger,N/A,N/A,N/A,N/A,6,"6,614",R,0,50.83,49.17,
Governor,N/A,1988,1108,General,Utah,"260,462","Bangerter, Norman H.",Incumbent,"249,321","Wilson, Ted",Challenger,N/A,N/A,N/A,N/A,"139,331","11,141",R,0,51.09,48.91,
Governor,N/A,1988,1108,General,Vermont,"105,191","Bernhardt, Michael",Challenger,"134,438","Kunin, Madeline",Incumbent,N/A,N/A,N/A,N/A,"3,250","29,247",D,0,43.9,56.1,
Governor,N/A,1988,1108,General,Washington,"708,481","Williams, Bob",Challenger,"1,166,448","Gardner, Booth",Incumbent,N/A,N/A,N/A,N/A,N/A,"457,967",D,0,37.79,62.21,
Governor,N/A,1988,1108,General,West Virginia,"267,172","Moore, Arch A.",Incumbent,"382,421","Caperton, Gaston",Challenger,N/A,N/A,N/A,N/A,N/A,"115,249",D,0,41.13,58.87,
Governor,N/A,1989,,General,New Jersey,"838,553","Courter, James A.",Challenger,"1,379,973","Florio, James J.",Challenger,N/A,N/A,N/A,N/A,"35,274","541,420",D,0,37.8,62.2,
Governor,N/A,1989,,General,Virginia,"889,213","Coleman, J. Marshall",Challenger,"895,949","Wilder, L. Douglas",Challenger,N/A,N/A,N/A,N/A,"1,945","6,736",D,0,49.81,50.19,
Governor,N/A,1990,1106,General,Alaska,"50,991","Sturgulewski, Arliss",Challenger,"60,201","Knowles, Tony",Challenger,Alaskan Independent,"75,721","Hickel, Walter J.",Challenger,"7,837","15,520",ALI,38.88,45.86,54.14,
Governor,N/A,1990,1106,General,Alabama,"633,519","Hunt, Guy",Incumbent,"582,106","Hubbert, Paul R.",Challenger,N/A,N/A,N/A,N/A,625,"51,413",R,0,52.11,47.89,
Governor,N/A,1990,1106,General,Arkansas,"295,925","Nelson, Sheffield",Challenger,"400,386","Clinton, William Jefferson",Incumbent,N/A,N/A,N/A,N/A,101,"104,461",D,0,42.5,57.5,
Governor,N/A,1990,1106,General,Arizona,"523,984","Symington, Fife",Challenger,"519,691","Goddard, Terry",Challenger,N/A,N/A,N/A,N/A,"11,731","4,293",R,0,50.21,49.79,"Neither major-party candidate won an absolute majority in this November election; therefore a run-off election was held February 26, 1991."
Governor,N/A,1990,1106,General,California,"3,791,904","Wilson, Pete",Challenger,"3,525,197","Feinstein, Dianne",Challenger,N/A,N/A,N/A,N/A,"382,366","266,707",R,0,51.82,48.18,
Governor,N/A,1990,1106,General,Colorado,"358,403","Andrews, John",Challenger,"626,032","Romer, Roy",Incumbent,N/A,N/A,N/A,N/A,"26,837","267,629",D,0,36.41,63.59,
Governor,N/A,1990,1106,General,Connecticut,"315,421","Rowland, John G.",Challenger,"161,787","Morrison, Bruce A.",Challenger,A Connecticut Party,"369,599","Weicker, Lowell P. Jr.",Challenger,"11,600","54,178",ACP,43.06,66.1,33.9,
Governor,N/A,1990,1106,General,Florida,"1,535,068","Martinez, Bob",Incumbent,"1,995,206","Chiles, Lawton",Challenger,Write-in,597,Floyd,Challenger,N/A,"460,138",D,0.02,43.48,56.52,
Governor,N/A,1990,1106,General,Georgia,"645,625","Isakson, Johnny",Challenger,"766,662","Miller, Zell",Challenger,N/A,N/A,N/A,N/A,"37,365","121,037",D,0,45.71,54.29,
Governor,N/A,1990,1106,General,Hawaii,"131,310","Hemmings, Fred",Challenger,"203,491","Waihee, John",Incumbent,N/A,N/A,N/A,N/A,"5,331","72,181",D,0,39.22,60.78,
Governor,N/A,1990,1106,General,Iowa,"591,852","Branstad, Terry E.",Incumbent,"379,372","Avenson, Donald D.",Challenger,N/A,N/A,N/A,N/A,"5,259","212,480",R,0,60.94,39.06,
Governor,N/A,1990,1106,General,Idaho,"101,937","Fairchild, Roger",Challenger,"218,673","Andrus, Cecil D.",Incumbent,N/A,N/A,N/A,N/A,N/A,"116,736",D,0,31.79,68.21,
Governor,N/A,1990,1106,General,Illinois,"1,653,126","Edgar, Jim",Challenger,"1,569,217","Hartigan, Neil F.",Challenger,N/A,N/A,N/A,N/A,"35,067","83,909",R,0,51.3,48.7,
Governor,N/A,1990,1106,General,Kansas,"333,589","Hayden, Mike",Challenger,"380,609","Finney, Joan",Challenger,N/A,N/A,N/A,N/A,"69,127","47,020",D,0,46.71,53.29,
Governor,N/A,1990,1106,General,Massachusetts,"1,175,817","Weld, William F.",Challenger,"1,099,878","Silber, John",Challenger,N/A,N/A,N/A,N/A,"67,232","75,939",R,0,51.67,48.33,
Governor,N/A,1990,1106,General,Maryland,"446,980","Shepard, William S.",Challenger,"664,015","Schaefer, William D.",Incumbent,N/A,N/A,N/A,N/A,93,"217,035",D,0,40.23,59.77,
Governor,N/A,1990,1106,General,Maine,"243,766","McKernan, John R.",Incumbent,"230,038","Brennan, Joseph E.",Challenger,N/A,N/A,N/A,N/A,"48,688","13,728",R,0,51.45,48.55,
Governor,N/A,1990,1106,General,Michigan,"1,276,134","Engler, John",Challenger,"1,258,539","Blanchard, James J.",Incumbent,N/A,N/A,N/A,N/A,"29,890","17,595",R,0,50.35,49.65,
Governor,N/A,1990,1106,General,Minnesota,"895,988","Carlson, Arne",Challenger,"836,218","Perpich, Rudy",Incumbent,N/A,N/A,N/A,N/A,"74,571","59,770",R,0,51.73,48.27,
Governor,N/A,1990,1106,General,Nebraska,"287,783","Orr, Kay",Incumbent,"292,190","Nelson, Earl Benjamin",Challenger,N/A,N/A,N/A,N/A,"5,015","4,407",D,0,49.62,50.38,
Governor,N/A,1990,1106,General,New Hampshire,"177,773","Gregg, Judd",Incumbent,"101,923","Grandmaison, J. Joseph",Challenger,N/A,N/A,N/A,N/A,"15,322","75,850",R,0,63.56,36.44,
Governor,N/A,1990,1106,General,New Mexico,"185,692","Bond, Frank",Challenger,"224,564","King, Bruce",Challenger,N/A,N/A,N/A,N/A,976,"38,872",D,0,45.26,54.74,
Governor,N/A,1990,1106,General,Nevada,"94,989","Gallaway, Jim",Challenger,"207,878","Miller, Robert J.",Incumbent,N/A,N/A,N/A,N/A,"17,076","112,889",D,0,31.36,68.64,"In January 1989, Lt. Governor Robert J. Miller (D) became Governor on the resignation of Gov. Richard H. Bryan (D) following his election November 1988 to the U.S. Senate."
Governor,N/A,1990,1106,General,New York,"845,980","Rinfret, Pierre A.",Challenger,"2,123,628","Cuomo, Mario M.",Incumbent,Conservative,"806,735",London,Challenger,"202,277","1,277,648",D,20.28,28.49,71.51,
Governor,N/A,1990,1106,General,Ohio,"1,924,110","Voinovich, George",Challenger,"1,531,380","Celebrezze, Anthony J.",Challenger,N/A,N/A,N/A,N/A,129,"392,730",R,0,55.68,44.32,
Governor,N/A,1990,1106,General,Oklahoma,"297,584","Price, Bill",Challenger,"523,196","Walters, David",Challenger,N/A,N/A,N/A,N/A,"90,534","225,612",D,0,36.26,63.74,
Governor,N/A,1990,1106,General,Oregon,"444,646","Frohnmayer, Dave",Challenger,"508,749","Roberts, Barbara",Challenger,N/A,N/A,N/A,N/A,"159,452","64,103",D,0,46.64,53.36,
Governor,N/A,1990,1106,General,Pennsylvania,"987,516","Hafer, Barbara",Challenger,"2,065,244","Casey, Robert",Incumbent,N/A,N/A,N/A,N/A,N/A,"1,077,728",D,0,32.35,67.65,
Governor,N/A,1990,1106,General,Rhode Island,"92,177","DiPrete, Edward",Incumbent,"264,411","Sundlun, Bruce G.",Challenger,N/A,N/A,N/A,N/A,84,"172,234",D,0,25.85,74.15,
Governor,N/A,1990,1106,General,South Carolina,"528,831","Campbell, Carroll",Incumbent,"212,034","Mitchell, Theo",Challenger,N/A,N/A,N/A,N/A,"20,100","316,797",R,0,71.38,28.62,
Governor,N/A,1990,1106,General,South Dakota,"149,594","Mickelson, George S.",Incumbent,"104,184","Samuelson, Bob L.",Challenger,N/A,N/A,N/A,N/A,N/A,"45,410",R,0,58.95,41.05,
Governor,N/A,1990,1106,General,Tennessee,"289,348","Henry, Dwight",Challenger,"480,885","McWherter, Ned",Incumbent,N/A,N/A,N/A,N/A,"20,208","191,537",D,0,37.57,62.43,
Governor,N/A,1990,1106,General,Texas,"1,805,225","Williams, Clayton",Challenger,"1,896,367","Richards, Ann",Challenger,N/A,N/A,N/A,N/A,"138,882","91,142",D,0,48.77,51.23,
Governor,N/A,1990,1106,General,Vermont,"109,540","Snelling, Richard A.",Challenger,"97,321","Welch, Peter",Challenger,N/A,N/A,N/A,N/A,"4,561","12,219",R,0,52.95,47.05,
Governor,N/A,1990,1106,General,Wisconsin,"802,321","Thompson, Tommy G.",Incumbent,"576,280","Loftus, Thomas",Challenger,N/A,N/A,N/A,N/A,"1,126","226,041",R,0,58.2,41.8,
Governor,N/A,1990,1106,General,Wyoming,"51,747","Mead, Mary",Challenger,"96,735","Sullivan, Mike",Incumbent,N/A,N/A,N/A,N/A,N/A,"44,988",D,0,34.85,65.15,
Governor,N/A,1991,1105,General,Kentucky,"294,452","Harper, John",Challenger,"540,468","Jones, Brereton C.",Challenger,N/A,N/A,N/A,N/A,N/A,"246,016",D,0,35.27,64.73,
Governor,N/A,1991,1116,General,Louisiana,"671,009","Duke, David E.",Challenger,"1,057,031","Edwards, Edwin W.",Challenger,N/A,N/A,N/A,N/A,N/A,"386,022",D,0,38.83,61.17,
Governor,N/A,1991,,General,Mississippi,"361,500","Fordice, Kirk",Challenger,"338,435","Mabus, Ray",Incumbent,N/A,N/A,N/A,N/A,"11,253","23,065",R,0,51.65,48.35,
Governor,N/A,1991,226,General Election Run-off,Arizona,"492,569","Symington, Fife",Challenger,"448,168","Goddard, Terry",Challenger,N/A,N/A,N/A,N/A,N/A,"44,401",R,0,52.36,47.64,"Neither major-party candidate won an absolute majority in the November election; therefore a run-off election was held February 26, 1991."
Governor,N/A,1992,1103,General,Delaware,"90,725","Scott, B. Gary",Challenger,"179,365","Carper, Thomas R.",Challenger,N/A,N/A,N/A,N/A,"6,968","88,640",D,0,33.59,66.41,
Governor,N/A,1992,1103,General,Indiana,"1,154,049","Pearson, Linley E.",Challenger,"1,382,151","Bayh, Evan",Incumbent,N/A,N/A,N/A,N/A,"24,432","228,102",D,0,45.5,54.5,
Governor,N/A,1992,1103,General,Missouri,"968,574","Webster, William L.",Challenger,"1,375,425","Carnahan, Mel",Challenger,N/A,N/A,N/A,N/A,N/A,"406,851",D,0,41.32,58.68,
Governor,N/A,1992,1103,General,Montana,"209,401","Racicot, Marc",Challenger,"198,421","Bradley, Dorothy",Challenger,N/A,N/A,N/A,N/A,20,"10,980",R,0,51.35,48.65,
Governor,N/A,1992,1103,General,North Carolina,"1,121,955","Gardner, James C.",Challenger,"1,368,246","Hunt, James B. Jr.",Challenger,N/A,N/A,N/A,N/A,"104,983","246,291",D,0,45.05,54.95,
Governor,N/A,1992,1103,General,North Dakota,"176,398","Schafer, Edward T.",Challenger,"123,845","Spaeth, Nicholas",Challenger,N/A,N/A,N/A,N/A,"4,618","52,553",R,0,58.75,41.25,
Governor,N/A,1992,1103,General,New Hampshire,"289,170","Merrill, Steve",Challenger,"206,232","Arnesen, Deborah A.",Challenger,N/A,N/A,N/A,N/A,"20,768","82,938",R,0,58.37,41.63,
Governor,N/A,1992,1103,General,Rhode Island,"145,590","Leonard, Elizabeth Ann",Challenger,"261,484","Sundlun, Bruce G.",Incumbent,N/A,N/A,N/A,N/A,"17,744","115,894",D,0,35.76,64.24,
Governor,N/A,1992,1103,General,Vermont,"65,837","McClaughry, John",Challenger,"213,523","Dean, Howard B.",Incumbent,N/A,N/A,N/A,N/A,"6,368","147,686",D,0,23.57,76.43,Lt. Governor Howard B. Dean (D) became Governor in August 1991 upon the death of Richard A. Snelling (R).
Governor,N/A,1992,1103,General,Washington,"1,086,216","Eikenberry, Ken",Challenger,"1,184,315","Lowry, Mike",Challenger,N/A,N/A,N/A,N/A,N/A,"98,099",D,0,47.84,52.16,
Governor,N/A,1992,1103,General,West Virginia,"240,390","Benedict, Cleveland K.",Challenger,"368,302","Caperton, Gaston",Incumbent,N/A,N/A,N/A,N/A,"48,501","127,912",D,0,39.49,60.51,
Governor,N/A,1992,1103,General,Utah,"321,713","Leavitt, Mike O.",Challenger,"177,181","Hanson, Stewart",Challenger,Independent,"255,753","Cook, Merrill",Challenger,"7,889","65,960",R,33.54,64.49,35.51,
Governor,N/A,1993,,General,New Jersey,"1,236,124","Whitman, Christine T.",Challenger,"1,210,031","Florio, James J.",Incumbent,N/A,N/A,N/A,N/A,"59,809","26,093",R,0,50.53,49.47,
Governor,N/A,1993,,General,Virginia,"1,044,079","Allen, George F.",Challenger,"732,751","Terry, Mary Sue",Challenger,N/A,N/A,N/A,N/A,"15,062","311,328",R,0,58.76,41.24,
Governor,N/A,1994,1108,General,Alabama,"604,926","James, Forrest H.",Challenger,"594,169","Folsom, James E. Jr.",Incumbent,N/A,N/A,N/A,N/A,"2,874","10,757",R,0,50.45,49.55,
Governor,N/A,1994,1108,General,Alaska,"87,157","Campbell, James O.",Challenger,"87,693","Knowles, Tony",Challenger,Alaskan Independent,"27,838","Coghill, John",Challenger,"10,747",536,D,13.04,49.85,50.15,
Governor,N/A,1994,1108,General,Arkansas,"287,904","Nelson, Sheffield",Challenger,"428,936","Tucker, Jim Guy",Incumbent,N/A,N/A,N/A,N/A,N/A,"141,032",D,0,40.16,59.84,
Governor,N/A,1994,1108,General,Arizona,"593,492","Symington, Fife",Incumbent,"500,702","Basha, Eddie",Challenger,N/A,N/A,N/A,N/A,"35,413","92,790",R,0,54.24,45.76,
Governor,N/A,1994,1108,General,California,"4,781,766","Wilson, Pete",Incumbent,"3,519,799","Brown, Kathleen",Challenger,N/A,N/A,N/A,N/A,"363,810","1,261,967",R,0,57.6,42.4,
Governor,N/A,1994,1108,General,Colorado,"432,042","Benson, Bruce",Challenger,"619,205","Romer, Roy",Incumbent,N/A,N/A,N/A,N/A,"65,060","187,163",D,0,41.1,58.9,
Governor,N/A,1994,1108,General,Connecticut,"415,201","Rowland, John G.",Challenger,"375,133","Curry, Bill",Challenger,A Connecticut Party,"216,585","Groark, Eunice",Challenger,"140,135","40,068",R,18.88,52.53,47.47,
Governor,N/A,1994,1108,General,Florida,"2,071,068","Bush, Jeb",Challenger,"2,135,008","Chiles, Lawton",Incumbent,N/A,N/A,N/A,N/A,583,"63,940",D,0,49.24,50.76,
Governor,N/A,1994,1108,General,Georgia,"756,371","Millner, Guy",Challenger,"788,926","Miller, Zell",Incumbent,N/A,N/A,N/A,N/A,31,"32,555",D,0,48.95,51.05,
Governor,N/A,1994,1108,General,Hawaii,"107,908","Saiki, Patricia",Challenger,"134,978","Cayetano, Benjamin J.",Challenger,Best Party,"113,158","Fasi, Frank F.",Challenger,"12,969","21,820",D,30.67,44.43,55.57,
Governor,N/A,1994,1108,General,Iowa,"566,395","Branstad, Terry E.",Incumbent,"414,453","Campbell, Bonnie J.",Challenger,N/A,N/A,N/A,N/A,"16,400","151,942",R,0,57.75,42.25,
Governor,N/A,1994,1108,General,Idaho,"216,123","Batt, Phil",Challenger,"181,363","Echohawk, Larry",Challenger,N/A,N/A,N/A,N/A,"15,860","34,760",R,0,54.37,45.63,
Governor,N/A,1994,1108,General,Illinois,"1,984,318","Edgar, Jim",Incumbent,"1,069,850","Netsch, Dawn C.",Challenger,N/A,N/A,N/A,N/A,"52,398","914,468",R,0,64.97,35.03,
Governor,N/A,1994,1108,General,Kansas,"526,113","Graves, Bill",Challenger,"294,733","Slattery, Jim",Challenger,N/A,N/A,N/A,N/A,N/A,"231,380",R,0,64.09,35.91,
Governor,N/A,1994,1108,General,Massachusetts,"1,599,141","Weld, William F.",Incumbent,"636,138","Roosevelt, Mark",Challenger,N/A,N/A,N/A,N/A,"19,871","963,003",R,0,71.54,28.46,
Governor,N/A,1994,1108,General,Maryland,"702,101","Sauerbrey, Ellen R.",Challenger,"708,094","Glendening, Parris N.",Challenger,N/A,N/A,N/A,N/A,105,"5,993",D,0,49.79,50.21,
Governor,N/A,1994,1108,General,Maine,"117,990","Collins, Susan M.",Challenger,"172,951","Brennan, Joseph E.",Challenger,Independent,"180,829","King, Agnus",Challenger,"39,538","7,878",I,35.37,40.55,59.45,
Governor,N/A,1994,1108,General,Michigan,"1,899,101","Engler, John",Incumbent,"1,188,438","Wolpe, Howard",Challenger,N/A,N/A,N/A,N/A,"1,538","710,663",R,0,61.51,38.49,
Governor,N/A,1994,1108,General,Minnesota,"1,094,165","Carlson, Arne",Incumbent,"589,344","Marty, John",Challenger,N/A,N/A,N/A,N/A,"82,081","504,821",R,0,64.99,35.01,
Governor,N/A,1994,1108,General,Nebraska,"148,230","Spence, Gene",Challenger,"423,270","Nelson, Earl Benjamin",Incumbent,N/A,N/A,N/A,N/A,"8,061","275,040",D,0,25.94,74.06,
Governor,N/A,1994,1108,General,New Hampshire,"218,134","Merrill, Steve",Incumbent,"79,686","King, Wayne D.",Challenger,N/A,N/A,N/A,N/A,"14,062","138,448",R,0,73.24,26.76,
Governor,N/A,1994,1108,General,New Mexico,"232,945","Johnson, Gary E.",Challenger,"186,686","King, Bruce",Incumbent,N/A,N/A,N/A,N/A,"47,990","46,259",R,0,55.51,44.49,
Governor,N/A,1994,1108,General,Nevada,"156,875","Gibbons, Jim",Challenger,"200,026","Miller, Robert J.",Incumbent,N/A,N/A,N/A,N/A,"22,775","43,151",D,0,43.95,56.05,
Governor,N/A,1994,1108,General,New York,"2,538,702","Pataki, George E.",Challenger,"2,364,904","Cuomo, Mario M.",Incumbent,N/A,N/A,N/A,N/A,"305,156","173,798",R,0,51.77,48.23,
Governor,N/A,1994,1108,General,Ohio,"2,401,572","Voinovich, George",Incumbent,"835,849","Burch, Robert L.",Challenger,N/A,N/A,N/A,N/A,"108,817","1,565,723",R,0,74.18,25.82,
Governor,N/A,1994,1108,General,Oklahoma,"466,740","Keating, Frank",Challenger,"294,936","Mildren, Jack",Challenger,Independent,"233,336","Watkins, Wes",Challenger,N/A,"171,804",R,23.45,61.28,38.72,
Governor,N/A,1994,1108,General,Oregon,"517,874","Smith, Denny",Challenger,"622,083","Kitzhaber, John",Challenger,N/A,N/A,N/A,N/A,"81,053","104,209",D,0,45.43,54.57,
Governor,N/A,1994,1108,General,Pennsylvania,"1,627,976","Ridge, Thomas J.",Challenger,"1,433,099","Singel, Mark S.",Challenger,N/A,N/A,N/A,N/A,"527,451","194,877",R,0,53.18,46.82,
Governor,N/A,1994,1108,General,Rhode Island,"171,194","Almond, Lincoln C.",Challenger,"157,361","York, Myrth",Challenger,N/A,N/A,N/A,N/A,"32,822","13,833",R,0,52.11,47.89,
Governor,N/A,1994,1108,General,South Carolina,"470,756","Beasley, David",Challenger,"447,002","Theodore, Nick A.",Challenger,N/A,N/A,N/A,N/A,"16,092","23,754",R,0,51.29,48.71,
Governor,N/A,1994,1108,General,South Dakota,"172,515","Janklow, William J.",Challenger,"126,273","Beddow, Jim",Challenger,N/A,N/A,N/A,N/A,"12,825","46,242",R,0,57.74,42.26,
Governor,N/A,1994,1108,General,Tennessee,"807,107","Sundquist, Don",Challenger,"664,243","Bredesen, Phil",Challenger,N/A,N/A,N/A,N/A,"15,774","142,864",R,0,54.85,45.15,
Governor,N/A,1994,1108,General,Texas,"2,350,994","Bush, George W.",Challenger,"2,016,928","Richards, Ann",Incumbent,N/A,N/A,N/A,N/A,"28,320","334,066",R,0,53.82,46.18,
Governor,N/A,1994,1108,General,Vermont,"40,292","Kelley, David F.",Challenger,"145,661","Dean, Howard B.",Incumbent,N/A,N/A,N/A,N/A,"26,093","105,369",D,0,21.67,78.33,
Governor,N/A,1994,1108,General,Wisconsin,"1,051,326","Thompson, Tommy G.",Incumbent,"482,850","Chvala, Chuck",Challenger,N/A,N/A,N/A,N/A,"29,659","568,476",R,0,68.53,31.47,
Governor,N/A,1994,1108,General,Wyoming,"109,272","Geringer, Jim",Challenger,"74,980","Karpan, Kathy",Challenger,N/A,N/A,N/A,N/A,"2,045","34,292",R,0,59.31,40.69,
Governor,N/A,1995,1107,General,Kentucky,"479,227","Forgy, Larry",Challenger,"500,787","Patton, Paul E.",Challenger,N/A,N/A,N/A,N/A,"3,965","21,560",D,0,48.9,51.1,
Governor,N/A,1995,1118,General,Louisiana,"984,499","Foster, Mike",Challenger,"565,861","Fields, Cleo",Challenger,N/A,N/A,N/A,N/A,N/A,"418,638",R,0,63.5,36.5,
Governor,N/A,1995,,General,Mississippi,"455,261","Fordice, Kirk",Incumbent,"364,210","Molpus, Dick",Challenger,N/A,N/A,N/A,N/A,N/A,"91,051",R,0,55.56,44.44,
Governor,N/A,1996,1105,General,Delaware,"82,654","Rzewnicki, Janet C.",Challenger,"188,300","Carper, Thomas R.",Incumbent,N/A,N/A,N/A,N/A,N/A,"105,646",D,0,30.5,69.5,
Governor,N/A,1996,1105,General,Indiana,"986,982","Goldsmith, Stephen",Challenger,"1,087,128","O'Bannon, Frank",Challenger,N/A,N/A,N/A,N/A,"35,937","100,146",D,0,47.59,52.41,
Governor,N/A,1996,1105,General,Missouri,"866,268","Kelly, Margaret",Challenger,"1,224,801","Carnahan, Mel",Incumbent,N/A,N/A,N/A,N/A,"51,449","358,533",D,0,41.43,58.57,
Governor,N/A,1996,1105,General,Montana,"320,768","Racicot, Marc",Incumbent,"84,407","Jacobson, Judy",Challenger,N/A,N/A,N/A,N/A,N/A,"236,361",R,0,79.17,20.83,"Results include a total of 7,936 absentee ballots cast for the party's initial gubernatorial candidate, Chet Blaylock, who died October 23, 1996."
Governor,N/A,1996,1105,General,New Hampshire,"196,321","Lamontagne, Ovide M.",Challenger,"284,175","Shaheen, Jeanne",Challenger,N/A,N/A,N/A,N/A,"16,290","87,854",D,0,40.86,59.14,
Governor,N/A,1996,1105,General,North Carolina,"1,097,053","Hayes, Robert",Challenger,"1,436,638","Hunt, James B. Jr.",Incumbent,N/A,N/A,N/A,N/A,"32,494","339,585",D,0,43.3,56.7,
Governor,N/A,1996,1105,General,North Dakota,"174,937","Schafer, Edward T.",Incumbent,"89,349","Kaldor, Lee",Challenger,N/A,N/A,N/A,N/A,12,"85,588",R,0,66.19,33.81,
Governor,N/A,1996,1105,General,Utah,"503,693","Leavitt, Mike O.",Incumbent,"156,616","Bradley, Jim",Challenger,N/A,N/A,N/A,N/A,"11,570","347,077",R,0,76.28,23.72,
Governor,N/A,1996,1105,General,Vermont,"57,161","Gropper, John L.",Challenger,"179,544","Dean, Howard B.",Incumbent,N/A,N/A,N/A,N/A,"17,943","122,383",D,0,24.15,75.85,
Governor,N/A,1996,1105,General,Washington,"940,538","Craswell, Ellen",Challenger,"1,296,492","Locke, Gary",Challenger,N/A,N/A,N/A,N/A,N/A,"355,954",D,0,42.04,57.96,
Governor,N/A,1996,1105,General,West Virginia,"324,518","Underwood, Cecil H.",Challenger,"287,870","Pritt, Charlotte",Challenger,Libertarian,"16,171",Johnson (West Virginia),Challenger,N/A,"36,648",R,2.57,52.99,47.01,
Governor,N/A,1997,,General,New Jersey,"1,133,394","Whitman, Christine T.",Incumbent,"1,107,968","McGreevey, James",Challenger,N/A,N/A,N/A,N/A,"176,982","25,426",R,0,50.57,49.43,
Governor,N/A,1997,1104,General,Virginia,"969,062","Gilmore, James S. III",Challenger,"738,971","Beyer, Donald S. Jr.",Challenger,N/A,N/A,N/A,N/A,"28,281","230,091",R,0,56.74,43.26,
Governor,N/A,1998,1103,General,Alabama,"550,641","James, Forrest H.",Challenger,"756,309","Siegelman, Don",Challenger,N/A,N/A,N/A,N/A,"2,930","205,668",D,0,42.13,57.87,
Governor,N/A,1998,1103,General,Alaska,"34,922","Lindauer, John",Challenger,"93,969","Knowles, Tony",Incumbent,N/A,N/A,N/A,N/A,"57,740","59,047",D,0,27.09,72.91,
Governor,N/A,1998,1103,General,Arizona,"699,688","Hull, Jane Dee",Incumbent,"415,910","Johnson, Paul",Challenger,N/A,N/A,N/A,N/A,"103,406","283,778",R,0,62.72,37.28,
Governor,N/A,1998,1103,General,California,"3,218,030","Lungren, Dan",Challenger,"4,860,702","Davis, Gray",Challenger,N/A,N/A,N/A,N/A,"306,464","1,642,672",D,0,39.83,60.17,
Governor,N/A,1998,1103,General,Colorado,"651,895","Owens, Bill",Challenger,"640,123","Schoettler, Gail",Challenger,N/A,N/A,N/A,N/A,"36,289","11,772",R,0,50.46,49.54,
Governor,N/A,1998,1103,General,Connecticut,"628,707","Rowland, John G.",Incumbent,"354,187","Kennelly, Barbara B.",Challenger,N/A,N/A,N/A,N/A,"16,643","274,520",R,0,63.96,36.04,
Governor,N/A,1998,1103,General,Florida,"2,191,105","Bush, Jeb",Challenger,"1,773,054","Mackay, Kenneth H.",Challenger,N/A,N/A,N/A,N/A,282,"418,051",R,0,55.27,44.73,
Governor,N/A,1998,1103,General,Georgia,"790,201","Millner, Guy",Challenger,"941,076","Barnes, Roy E.",Challenger,N/A,N/A,N/A,N/A,"61,531","150,875",D,0,45.64,54.36,
Governor,N/A,1998,1103,General,Hawaii,"198,952","Lingle, Linda",Challenger,"204,206","Cayetano, Benjamin J.",Incumbent,N/A,N/A,N/A,N/A,"4,398","5,254",D,0,49.35,50.65,
Governor,N/A,1998,1103,General,Idaho,"258,095","Kempthorne, Dirk",Challenger,"110,815","Huntley, Robert C.",Challenger,N/A,N/A,N/A,N/A,"12,338","147,280",R,0,69.96,30.04,
Governor,N/A,1998,1103,General,Illinois,"1,714,094","Ryan, George H.",Challenger,"1,594,191","Poshard, Glenn",Challenger,N/A,N/A,N/A,N/A,"50,420","119,903",R,0,51.81,48.19,
Governor,N/A,1998,1103,General,Iowa,"444,787","Lightfoot, Jim Ross",Challenger,"500,231","Vilsack, Tom",Challenger,N/A,N/A,N/A,N/A,"11,400","55,444",D,0,47.07,52.93,
Governor,N/A,1998,1103,General,Kansas,"544,882","Graves, Bill",Incumbent,"168,243","Sawyer, Tom",Challenger,N/A,N/A,N/A,N/A,"29,540","376,639",R,0,76.41,23.59,
Governor,N/A,1998,1103,General,Maine,"79,716","Longley, James B. Jr.",Challenger,"50,506","Connolly, Thomas J.",Challenger,Independent,"246,772","King, Agnus",Incumbent,"44,015","167,056",I,58.61,61.22,38.78,"Incumbent Agnus King, an Indipendent candidate received 246,772 votes (58.6% of the total vote) and won the election"
Governor,N/A,1998,1103,General,Maryland,"658,217","Sauerbrey, Ellen R.",Challenger,"721,286","Glendening, Parris N.",Incumbent,N/A,N/A,N/A,N/A,607,"63,069",D,0,47.71,52.29,
Governor,N/A,1998,1103,General,Massachusetts,"967,160","Cellucci, Argeo Paul",Incumbent,"901,843","Harshbarger, Scott",Challenger,N/A,N/A,N/A,N/A,"34,333","65,317",R,0,51.75,48.25,
Governor,N/A,1998,1103,General,Michigan,"1,883,005","Engler, John",Incumbent,"1,143,574","Fieger, Geoffrey",Challenger,N/A,N/A,N/A,N/A,525,"739,431",R,0,62.22,37.78,
Governor,N/A,1998,1103,General,Minnesota,"716,880","Coleman, Norm",Challenger,N/A,N/A,N/A,Reform,"773,403","Ventura, Jesse",Challenger,"600,235","56,523",RF,37,100,0,"The other vote was: Humphrey, Hubert H. III (Democrat Farmer-Labor) 587,060"
Governor,N/A,1998,1103,General,Nebraska,"293,910","Johanns, Mike",Challenger,"250,678","Hoppner, Bill",Challenger,N/A,N/A,N/A,N/A,650,"43,232",R,0,53.97,46.03,
Governor,N/A,1998,1103,General,Nevada,"223,892","Guinn, Kenny",Challenger,"182,281","Jones, Jan Laverty",Challenger,N/A,N/A,N/A,N/A,"27,457","41,611",R,0,55.12,44.88,
Governor,N/A,1998,1103,General,New Hampshire,"98,473","Lucas, Jay",Challenger,"210,769","Shaheen, Jeanne",Incumbent,N/A,N/A,N/A,N/A,"9,698","112,296",D,0,31.84,68.16,
Governor,N/A,1998,1103,General,New Mexico,"271,948","Johnson, Gary E.",Incumbent,"226,755","Chavez, Martin J.",Challenger,N/A,N/A,N/A,N/A,N/A,"45,193",R,0,54.53,45.47,
Governor,N/A,1998,1103,General,New York,"2,571,991","Pataki, George E.",Incumbent,"1,570,317","Vallone, Peter F.",Challenger,N/A,N/A,N/A,N/A,"592,928","1,001,674",R,0,62.09,37.91,
Governor,N/A,1998,1103,General,Ohio,"1,678,721","Taft, Robert A. Jr.",Challenger,"1,498,956","Fisher, Lee",Challenger,N/A,N/A,N/A,N/A,"176,536","179,765",R,0,52.83,47.17,
Governor,N/A,1998,1103,General,Oklahoma,"505,498","Keating, Frank",Incumbent,"357,552","Boyd, Laura",Challenger,N/A,N/A,N/A,N/A,"10,535","147,946",R,0,58.57,41.43,
Governor,N/A,1998,1103,General,Oregon,"334,001","Sizemore, Bill",Challenger,"717,061","Kitzhaber, John",Incumbent,N/A,N/A,N/A,N/A,"62,036","383,060",D,0,31.78,68.22,
Governor,N/A,1998,1103,General,Pennsylvania,"1,736,844","Ridge, Thomas J.",Incumbent,"938,745","Itkin, Ivan",Challenger,Constitution,"315,761","Luksik, Peg",Challenger,"33,802","798,099",R,10.44,64.91,35.09,
Governor,N/A,1998,1103,General,Rhode Island,"156,180","Almond, Lincoln C.",Incumbent,"129,105","York, Myrth",Challenger,N/A,N/A,N/A,N/A,"21,098","27,075",R,0,54.75,45.25,
Governor,N/A,1998,1103,General,South Carolina,"484,088","Beasley, David",Incumbent,"570,070","Hodges, James H.",Challenger,N/A,N/A,N/A,N/A,"16,711","85,982",D,0,45.92,54.08,
Governor,N/A,1998,1103,General,South Dakota,"166,621","Janklow, William J.",Incumbent,"85,473","Hunhoff, Bernie",Challenger,N/A,N/A,N/A,N/A,"8,093","81,148",R,0,66.09,33.91,
Governor,N/A,1998,1103,General,Tennessee,"669,973","Sundquist, Don",Incumbent,"287,750","Hooker, John Jay",Challenger,N/A,N/A,N/A,N/A,"18,513","382,223",R,0,69.95,30.05,
Governor,N/A,1998,1103,General,Texas,"2,551,454","Bush, George W.",Incumbent,"1,165,444","Mauro, Garry",Challenger,N/A,N/A,N/A,N/A,"21,585","1,386,010",R,0,68.64,31.36,
Governor,N/A,1998,1103,General,Vermont,"89,726","Dwyer, Ruth",Challenger,"121,425","Dean, Howard B.",Incumbent,N/A,N/A,N/A,N/A,"6,969","31,699",D,0,42.49,57.51,
Governor,N/A,1998,1103,General,Wisconsin,"1,047,716","Thompson, Tommy G.",Incumbent,"679,553","Garvey, Ed",Challenger,N/A,N/A,N/A,N/A,"28,745","368,163",R,0,60.66,39.34,
Governor,N/A,1998,1103,General,Wyoming,"97,235","Geringer, Jim",Incumbent,"70,754","Vinich, John P.",Challenger,N/A,N/A,N/A,N/A,"6,899","26,481",R,0,57.88,42.12,
Governor,N/A,1998,1103,General,Arkansas,"430,919","Huckabee, Mike",Incumbent,"278,155","King, James H.",Challenger,N/A,N/A,N/A,N/A,"19,545","152,764",R,0,60.77,39.23,
Governor,N/A,1999,,General,Kentucky,"128,788","Martin, Peppy",Challenger,"352,099","Patton, Paul E.",Incumbent,Reform,"88,930",Galbraith,Challenger,"10,257","223,311",D,15.33,26.78,73.22,
Governor,N/A,1999,,General,Louisiana,"805,203","Foster, Mike",Incumbent,"382,445","Jefferson, William J.",Challenger,N/A,N/A,N/A,N/A,"107,557","422,758",R,0,67.8,32.2,
Governor,N/A,1999,,General,Mississippi,"370,691","Parker, Mike",Challenger,"379,034","Musgrove, Ronnie",Challenger,N/A,N/A,N/A,N/A,"14,213","8,343",D,0,49.44,50.56,
Governor,N/A,1974,,General,Alaska,"45,840","Hammond, Jay S.",Challenger,"45,553","Egan, William A.",Incumbent,N/A,N/A,N/A,N/A,"4,770",287,R,0,50.16,49.84,
Governor,N/A,1974,,General,Alabama,"88,381","McCary, Elvin",Challenger,"497,574","Wallace, George C.",Incumbent,Prohibition,"12,350",Partain,Challenger,N/A,"409,193",D,2.06,15.08,84.92,
Governor,N/A,1974,,General,Arkansas,"187,872","Coon, Ken",Challenger,"358,018","Pryor, David H.",Challenger,N/A,N/A,N/A,N/A,84,"170,146",D,0,34.42,65.58,
Governor,N/A,1974,,General,Arizona,"273,674","Williams, Russell",Incumbent,"278,375","Castro, Raul H.",Challenger,N/A,N/A,N/A,N/A,153,"4,701",D,0,49.57,50.43,
Governor,N/A,1974,,General,California,"2,952,954","Flournoy, Houston I.",Challenger,"3,131,648","Brown, Edmund G. Jr.",Challenger,N/A,N/A,N/A,N/A,"158,873","178,694",D,0,48.53,51.47,
Governor,N/A,1974,,General,Colorado,"378,907","Vanderhoof, John D.",Challenger,"441,199","Lamm, Richard D.",Challenger,N/A,N/A,N/A,N/A,"8,862","62,292",D,0,46.2,53.8,
Governor,N/A,1974,,General,Connecticut,"440,169","Steele, Robert H.",Challenger,"643,490","Grasso, Ella T.",Challenger,N/A,N/A,N/A,N/A,"19,114","203,321",D,0,40.62,59.38,
Governor,N/A,1974,,General,Florida,"708,196","Thomas, Jerry",Challenger,"1,117,292","Askew, Reubin",Incumbent,N/A,N/A,N/A,N/A,N/A,"409,096",D,0,38.79,61.21,
Governor,N/A,1974,,General,Georgia,"289,113","Thompson, Ronnie",Challenger,"646,777","Busbee, George",Challenger,N/A,N/A,N/A,N/A,548,"357,664",D,0,30.89,69.11,
Governor,N/A,1974,,General,Hawaii,"113,388","Crossley, Randolph",Challenger,"136,262","Ariyoshi, George R.",Challenger,N/A,N/A,N/A,N/A,N/A,"22,874",D,0,45.42,54.58,
Governor,N/A,1974,,General,Iowa,"530,253","Ray, Robert E.",Incumbent,"375,595","Schaben, James F.",Challenger,N/A,N/A,N/A,N/A,"8,347","154,658",R,0,58.54,41.46,
Governor,N/A,1974,,General,Idaho,"68,731","Murphy, Jack M.",Challenger,"184,142","Andrus, Cecil D.",Incumbent,N/A,N/A,N/A,N/A,"6,759","115,411",D,0,27.18,72.82,
Governor,N/A,1974,,General,Kansas,"387,792","Bennett, Robert F.",Challenger,"384,115","Miller, Vern",Challenger,N/A,N/A,N/A,N/A,"11,968","3,677",R,0,50.24,49.76,
Governor,N/A,1974,,General,Massachusetts,"784,353","Sargent, Francis W.",Incumbent,"992,284","Dukakis, Michael S.",Challenger,N/A,N/A,N/A,N/A,"78,161","207,931",D,0,44.15,55.85,
Governor,N/A,1974,,General,Maryland,"346,449","Gore, Louise",Challenger,"602,648","Mandel, Marvin",Incumbent,N/A,N/A,N/A,N/A,N/A,"256,199",D,0,36.5,63.5,
Governor,N/A,1974,,General,Maine,"84,176","Erwin, James S.",Incumbent,"132,219","Mitchell, George J.",Challenger,Independent,"142,464","Longley, James B.",Challenger,"5,086","10,245",I,39.14,38.9,61.1,
Governor,N/A,1974,,General,Michigan,"1,356,865","Milliken, William G.",Incumbent,"1,242,250","Levin, Sander M.",Challenger,N/A,N/A,N/A,N/A,"57,905","114,615",R,0,52.2,47.8,
Governor,N/A,1974,,General,Minnesota,"367,722","Johnson, John W.",Challenger,"786,787","Anderson, Wendell R.",Incumbent,N/A,N/A,N/A,N/A,"98,389","419,065",D,0,31.85,68.15,
Governor,N/A,1974,,General,Nebraska,"159,780","Marvel, Richard D.",Challenger,"267,012","Exon, J. J.",Incumbent,N/A,N/A,N/A,N/A,"24,514","107,232",D,0,37.44,62.56,
Governor,N/A,1974,,General,New Hampshire,"115,933","Thomson, Meldrim",Incumbent,"110,591","Leonard, Richard W.",Challenger,N/A,N/A,N/A,N/A,141,"5,342",R,0,51.18,48.82,
Governor,N/A,1974,,General,New Mexico,"160,430","Skeen, Joseph R.",Challenger,"164,172","Apodaca, Jerry",Challenger,N/A,N/A,N/A,N/A,"4,140","3,742",D,0,49.42,50.58,
Governor,N/A,1974,,General,Nevada,"28,959","Crumpler, Shirley",Challenger,"114,114","O'Callaghan, Mike",Incumbent,N/A,N/A,N/A,N/A,"26,285","85,155",D,0,20.24,79.76,
Governor,N/A,1974,,General,New York,"2,219,667","Wilson, Malcolm",Challenger,"3,028,503","Carey, Hugh L.",Challenger,N/A,N/A,N/A,N/A,"45,006","808,836",D,0,42.29,57.71,
Governor,N/A,1974,,General,Ohio,"1,493,679","Rhodes, James A.",Challenger,"1,482,191","Gilligan, John J.",Incumbent,N/A,N/A,N/A,N/A,"96,140","11,488",R,0,50.19,49.81,
Governor,N/A,1974,,General,Oklahoma,"290,459","Inhofe, James M.",Challenger,"514,383","Boren, David L.",Challenger,N/A,N/A,N/A,N/A,N/A,"223,924",D,0,36.09,63.91,
Governor,N/A,1974,,General,Oregon,"324,751","Atiyeh, Victor",Challenger,"444,312","Straub, Robert W.",Challenger,N/A,N/A,N/A,N/A,"1,011","119,561",D,0,42.23,57.77,
Governor,N/A,1974,,General,Pennsylvania,"1,578,917","Lewis, Andrew L.",Challenger,"1,878,252","Shapp, Milton",Incumbent,N/A,N/A,N/A,N/A,"34,065","299,335",D,0,45.67,54.33,
Governor,N/A,1974,,General,Rhode Island,"69,224","Nugent, James W.",Challenger,"252,436","Noel, Philip W.",Incumbent,N/A,N/A,N/A,N/A,N/A,"183,212",D,0,21.52,78.48,
Governor,N/A,1974,,General,South Carolina,"266,109","Edwards, James B.",Challenger,"248,938","Dorn, William Jennings Bryan",Challenger,N/A,N/A,N/A,N/A,"8,152","17,171",R,0,51.67,48.33,
Governor,N/A,1974,,General,South Dakota,"128,873","Olson, John E.",Challenger,"148,989","Kneip, Richard F.",Incumbent,N/A,N/A,N/A,N/A,N/A,"20,116",D,0,46.38,53.62,
Governor,N/A,1974,,General,Tennessee,"455,467","Alexander, Lamar",Challenger,"576,833","Blanton, Leonard Ray",Challenger,N/A,N/A,N/A,N/A,"8,414","121,366",D,0,44.12,55.88,
Governor,N/A,1974,,General,Texas,"514,725","Granberry, Jim",Challenger,"1,016,334","Briscoe, Dolph",Incumbent,N/A,N/A,N/A,N/A,"123,898","501,609",D,0,33.62,66.38,
Governor,N/A,1974,,General,Vermont,"53,672","Kennedy, Walter L.",Challenger,"79,842","Salmon, Thomas P.",Incumbent,N/A,N/A,N/A,N/A,"7,642","26,170",D,0,40.2,59.8,
Governor,N/A,1974,,General,Wisconsin,"495,195","Dyke, William D.",Challenger,"628,639","Lucey, Patrick J.",Incumbent,N/A,N/A,N/A,N/A,"56,142","133,444",D,0,44.06,55.94,
Governor,N/A,1974,,General,Wyoming,"56,645","Jones, Dick",Challenger,"71,741","Herschler, Ed",Challenger,N/A,N/A,N/A,N/A,N/A,"15,096",D,0,44.12,55.88,
